TÃ­tulo,Ãšltimo Lance,Link,Expira Em,Tempo Restante,Coleta em
"JD/ ORIGINAL MARIO KARTğŸš¨ğŸ˜, 57,00 SEGUIDOS DE 7,00ğŸ˜®",87,https://ifgamesleiloes.com/leiloesonline/jd-original-mario-kart%f0%9f%9a%a8%f0%9f%98%8d-5700-seguidos-de-700%f0%9f%98%ae/,2025-09-27T21:15:00-03:00,1d 3h 32m 20s,2025-09-26 17:53:35
"JD/ ORIGINAL DK1ğŸš¨ğŸ˜, 47,00 SEGUIDOS DE 7,00ğŸ˜®",75.99,https://ifgamesleiloes.com/leiloesonline/jd-original-dk1%f0%9f%9a%a8%f0%9f%98%8d-4700-seguidos-de-700%f0%9f%98%ae/,2025-09-27T21:10:00-03:00,1d 3h 27m 20s,2025-09-26 17:53:35
"JD/ ORIGINAL MARIO WORLDğŸš¨ğŸ˜, 48,00 SEGUIDOS DE 7,00ğŸ˜®",48,https://ifgamesleiloes.com/leiloesonline/jd-original-mario-world%f0%9f%9a%a8%f0%9f%98%8d-4800-seguidos-de-700%f0%9f%98%ae/,2025-09-27T21:00:00-03:00,1d 3h 17m 20s,2025-09-26 17:53:35
"CX/ LOTE JOGOS N64â™¨ï¸58,00 SEGUIDOS DE 5,00ğŸ˜±ğŸ“º",105,https://ifgamesleiloes.com/leiloesonline/cx-lote-jogos-n64%e2%99%a8%ef%b8%8f5800-seguidos-de-500%f0%9f%98%b1%f0%9f%93%ba/,2025-09-24T21:00:00-03:00,0d 0h 48m 58s,2025-09-24 20:20:19
"CX/ LINDO PS2 FAT!!!â™¨ï¸MATRIXğŸ˜±100,00 SEGUIDOS DE 23,00",315,https://ifgamesleiloes.com/leiloesonline/cx-lindo-ps2-fat%e2%99%a8%ef%b8%8fmatrix%f0%9f%98%b110000-seguidos-de-2300/,2025-09-27T21:27:00-03:00,1d 3h 44m 19s,2025-09-26 17:53:35
"CX/ SEGA SATURNOâ™¨ï¸187,00 SEGUIDOS DE 15,00ğŸ˜±",250,https://ifgamesleiloes.com/leiloesonline/cx-sega-saturno%e2%99%a8%ef%b8%8f18700-seguidos-de-1500%f0%9f%98%b1/,2025-09-27T21:07:00-03:00,1d 3h 24m 19s,2025-09-26 17:53:35
"CX/ LOTE DE JOGOS WII, ORIGINAISâ™¨ï¸48,00 SEGUIDDOS DE 5,00",53,https://ifgamesleiloes.com/leiloesonline/cx-lote-de-jogos-wii-originais%e2%99%a8%ef%b8%8f4800-seguiddos-de-500/,2025-09-26T21:07:00-03:00,0d 3h 24m 19s,2025-09-26 17:53:35
"WA/ ORIGINAL CONTROLE PS1â™¨ï¸53,00 SEGUIDOS DE 9,00",80,https://ifgamesleiloes.com/leiloesonline/wa-original-controle-ps1%e2%99%a8%ef%b8%8f5300-seguidos-de-900/,2025-09-25T20:31:00-03:00,0d 6h 30m 25s,2025-09-25 14:07:37
"WA/ LINDO XBOX 360 NA CAIXAğŸ˜±197,00 SEGUIDOS DE 33,00â™¨ï¸",363,https://ifgamesleiloes.com/leiloesonline/wa-lindo-xbox-360-na-caixa%f0%9f%98%b119700-seguidos-de-3300%e2%99%a8%ef%b8%8f/,2025-09-27T21:03:00-03:00,1d 3h 20m 19s,2025-09-26 17:53:35
"FH/ ORIGINAL STAR FOX [CHIP USA] 79,00 SEGUIDOS DE 10,00",79,https://ifgamesleiloes.com/leiloesonline/fh-original-star-fox-chip-usa-7900-seguidos-de-1000/,2025-09-25T20:00:00-03:00,0d 5h 59m 24s,2025-09-25 14:07:37
"WA/ ORIGINAL FORZA BHORIZON 2ğŸ˜±41,00 SEGUIDOS DE 5,00â™¨ï¸",46,https://ifgamesleiloes.com/leiloesonline/wa-original-forza-bhorizon-2%f0%9f%98%b14100-seguidos-de-500%e2%99%a8%ef%b8%8f/,2025-09-24T21:01:00-03:00,0d 0h 49m 57s,2025-09-24 20:20:19
"WA/ XBOX 360 RGH LOTADO DE JOGOS! 219,00 SEGUIDOS DE 20,00",420,https://ifgamesleiloes.com/leiloesonline/wa-xbox-360-rgh-lotado-de-jogos-21900-seguidos-de-2000/,2025-09-26T21:07:00-03:00,0d 3h 24m 19s,2025-09-26 17:53:35
"FH/ Mais um Controller Pak N64! 39,00 Seguidos de 5,00ğŸ¥³",44,https://ifgamesleiloes.com/leiloesonline/fh-controller-pak-n64-3900-seguidos-de-500-2/,,,
"B9/ ORIGINAL THE DUKES HAZZARDğŸ˜±USA. 41,00 SEGUIDOS DE 7,00",48,https://ifgamesleiloes.com/leiloesonline/b9-original-the-dukes-hazzard%f0%9f%98%b1usa-4100-seguidos-de-700/,,,
"B9/ ORIGINAL FIFA WORLD CUP 98â™¨ï¸35,00 SEGUIDOS DE 5,00ğŸ˜±",35,https://ifgamesleiloes.com/leiloesonline/b9-original-fifa-world-cup-98%e2%99%a8%ef%b8%8f3500-seguidos-de-500%f0%9f%98%b1/,,,
"B9/ ORIGINAL CRASH BONDICOOT 2â™¨ï¸37,00 SEGUIDOS DE 7,00",37,https://ifgamesleiloes.com/leiloesonline/b9-original-crash-bondicoot-2%e2%99%a8%ef%b8%8f3700-seguidos-de-700/,,,
"B9/ ORIGINAL GRANTURISMO! 38,00 SEGUIDOS DE 5,00â™¨ï¸",38,https://ifgamesleiloes.com/leiloesonline/b9-original-granturismo-3800-seguidos-de-500%e2%99%a8%ef%b8%8f/,,,
"A7/ SUPER BOMBERMAN SNES 29,00 SEGUIDOS DE 5,00â™¨ï¸",34,https://ifgamesleiloes.com/leiloesonline/a7-super-bomberman-snes-2900-seguidos-de-500%e2%99%a8%ef%b8%8f/,,,
"A7/ ALADDIN 2. SNES 29,00 SEGUIDOS DE 5,00â™¨ï¸",37,https://ifgamesleiloes.com/leiloesonline/a7-aladdin-2-snes-2900-seguidos-de-500%e2%99%a8%ef%b8%8f/,,,
"A7/ O REI LEÃƒO SNES. 31,00 SEGUIDOS DE 5,00â™¨ï¸",34,https://ifgamesleiloes.com/leiloesonline/a7-o-rei-leao-snes-3100-seguidos-de-500%e2%99%a8%ef%b8%8f/,,,
"SA/ CONSOLE SNES âœ… 85,00 SEGUIDOS DE 15,00",200,https://ifgamesleiloes.com/leiloesonline/sa-console-snes-%e2%9c%85-8500-seguidos-de-1500/,,,
"RB/ WII COMPLETO NA CAIXA!â™¨ï¸100,00 SEGUIDOS DE 27,00ğŸ˜±",395,https://ifgamesleiloes.com/leiloesonline/rb-wii-completo-na-caixa%e2%99%a8%ef%b8%8f10000-seguidos-de-2700%f0%9f%98%b1/,,,
"SA/ PSONE âœ… 75,00 SEGUIDOS DE 10,00",250,https://ifgamesleiloes.com/leiloesonline/sa-psone-%e2%9c%85-7500-seguidos-de-1000/,,,
"SA/ GB ADVANCE âœ… 75,00 SEGUIDOS DE 10,00",500,https://ifgamesleiloes.com/leiloesonline/sa-gb-advance-%e2%9c%85-7500-seguidos-de-1000/,,,
"SA/ NES PLAYTRONIC âœ… 75,00 SEGUIDOS DE 10,00",200,https://ifgamesleiloes.com/leiloesonline/sa-nes-playtronic-%e2%9c%85-7500-seguidos-de-1000/,,,
"CB/ PS2 SLIM OPL, 219,00 SEGUIDOS DE 11,00ğŸ˜",71,https://ifgamesleiloes.com/leiloesonline/cb-ps2-slim-opl-21900-seguidos-de-1100%f0%9f%98%8d/,,,
"KB/ ANTHEM, LACRADO. PS4 â™¨ï¸ 31,00 SEGUIDOS DE 5,00â™¨ï¸",36,https://ifgamesleiloes.com/leiloesonline/kb-anthem-lacrado-ps4-%e2%99%a8%ef%b8%8f-3100-seguidos-de-500%e2%99%a8%ef%b8%8f/,,,
"CX/ DONKEY KONG 2. SNES ğŸ˜±48,00 SEGUIDOS DE 6,00",48,https://ifgamesleiloes.com/leiloesonline/cx-donkey-kong-2-snes-%f0%9f%98%b14800-seguidos-de-600/,2025-09-28T21:31:00-03:00,3d 7h 30m 27s,2025-09-25 14:07:37
"CX/ ORIGINAL ZELDA A LINKğŸ˜±68,00 SEGUIDOS DE 5,00",68,https://ifgamesleiloes.com/leiloesonline/cx-original-zelda-a-link%f0%9f%98%b16800-seguidos-de-500/,2025-09-28T20:43:00-03:00,2d 3h 0m 21s,2025-09-26 17:53:35
"CX/ ORIGINAL TOP GEAR DEVILğŸ˜±48,00 SEGUIDOS DE 6,00",Sem lance,https://ifgamesleiloes.com/leiloesonline/cx-original-top-gear-devil%f0%9f%98%b14800-seguidos-de-600/,2025-09-28T21:20:00-03:00,2d 3h 37m 21s,2025-09-26 17:53:35
"CX/ ORIGINAL ONIMUSHAâ™¨ï¸TOP! 67,00 SEGUIDOS DE 7,00ğŸ˜±",Sem lance,https://ifgamesleiloes.com/leiloesonline/cx-original-onimusha%e2%99%a8%ef%b8%8ftop-6700-seguidos-de-700%f0%9f%98%b1/,2025-09-28T21:03:00-03:00,2d 3h 20m 21s,2025-09-26 17:53:35
"CX/ RESIDENT EVILâ™¨ï¸99,00 SEGUIDOS DE 12,00",Sem lance,https://ifgamesleiloes.com/leiloesonline/cx-resident-evil%e2%99%a8%ef%b8%8f9900-seguidos-de-1200/,2025-10-04T21:25:00-03:00,3d 10h 34m 42s,2025-10-01 11:00:59
"JD/ SUPER NINTENDOğŸš¨ğŸ˜, 105,00 SEGUIDOS DE 15,00ğŸ˜®",210,https://ifgamesleiloes.com/leiloesonline/jd-super-nintendo%f0%9f%9a%a8%f0%9f%98%8d-10500-seguidos-de-1500%f0%9f%98%ae/,2025-09-30T21:19:00-03:00,5d 7h 18m 27s,2025-09-25 14:07:37
"JD/ ORIGINAL MARIO ALL STARğŸš¨ğŸ˜, 79,00 SEGUIDOS DE 7,00ğŸ˜®",79,https://ifgamesleiloes.com/leiloesonline/jd-original-mario-all-star%f0%9f%9a%a8%f0%9f%98%8d-7900-seguidos-de-700%f0%9f%98%ae/,2025-09-29T21:05:00-03:00,3d 3h 22m 21s,2025-09-26 17:53:35
"JD/ ORIGINAL MARIO WORLDğŸš¨ğŸ˜, 69,00 SEGUIDOS DE 7,00ğŸ˜®",76,https://ifgamesleiloes.com/leiloesonline/jd-original-mario-world%f0%9f%9a%a8%f0%9f%98%8d-6900-seguidos-de-700%f0%9f%98%ae/,2025-09-29T22:00:00-03:00,3d 4h 17m 21s,2025-09-26 17:53:35
"JD/ ORIGINAL MARIO PAINTğŸš¨ğŸ˜, 44,00 SEGUIDOS DE 6,00ğŸ˜®",Sem lance,https://ifgamesleiloes.com/leiloesonline/jd-original-mario-paint%f0%9f%9a%a8%f0%9f%98%8d-4400-seguidos-de-600%f0%9f%98%ae/,2025-09-28T21:15:00-03:00,2d 3h 32m 20s,2025-09-26 17:53:35
"JD/ SUPER STAR SOCCER 2ğŸš¨ğŸ˜, 29,00 SEGUIDOS DE 3,00ğŸ˜®",Sem lance,https://ifgamesleiloes.com/leiloesonline/jd-super-star-soccer-2%f0%9f%9a%a8%f0%9f%98%8d-2900-seguidos-de-300%f0%9f%98%ae/,2025-10-03T21:11:00-03:00,2d 10h 20m 42s,2025-10-01 11:00:59
"JD/ PACMANğŸš¨ğŸ˜, 27,00 SEGUIDOS DE 4,00ğŸ˜®",Sem lance,https://ifgamesleiloes.com/leiloesonline/jd-pacman%f0%9f%9a%a8%f0%9f%98%8d-2700-seguidos-de-400%f0%9f%98%ae/,2025-10-03T21:06:00-03:00,2d 10h 15m 42s,2025-10-01 11:00:59
"JD/ RONALDINHO SOCCER 97ğŸš¨ğŸ˜, 29,00 SEGUIDOS DE 4,00ğŸ˜®",29,https://ifgamesleiloes.com/leiloesonline/jd-ronaldinho-soccer-97%f0%9f%9a%a8%f0%9f%98%8d-2900-seguidos-de-400%f0%9f%98%ae/,2025-10-03T21:01:00-03:00,2d 10h 10m 42s,2025-10-01 11:00:59
"JD/ ORIGINAL MARIO RPGğŸš¨ğŸ˜, 58,00 SEGUIDOS DE 7,00ğŸ˜®",Sem lance,https://ifgamesleiloes.com/leiloesonline/jd-original-mario-rpg%f0%9f%9a%a8%f0%9f%98%8d-5800-seguidos-de-700%f0%9f%98%ae/,2025-09-27T21:20:00-03:00,1d 3h 37m 20s,2025-09-26 17:53:35
"JD/ ORIGINAL BOMBERMAN 3ğŸš¨ğŸ˜, 53,00 SEGUIDOS DE 8,00ğŸ˜®",Sem lance,https://ifgamesleiloes.com/leiloesonline/jd-original-bomberman-3%f0%9f%9a%a8%f0%9f%98%8d-5300-seguidos-de-800%f0%9f%98%ae/,2025-09-27T21:05:00-03:00,1d 3h 22m 20s,2025-09-26 17:53:35
"CX/ ORIGINAL FONTE PS3 SLIMâ™¨ï¸97,00 SEGUIDOS DE 9,00",Sem lance,https://ifgamesleiloes.com/leiloesonline/cx-original-fonte-ps3-slim%e2%99%a8%ef%b8%8f9700-seguidos-de-900/,2025-10-01T21:22:00-03:00,0d 10h 31m 42s,2025-10-01 11:00:59
"CX/ ANTIGO ALBUM ANOS 90! 27,00 SEGUIDOS DE 5,00ğŸ˜±",Sem lance,https://ifgamesleiloes.com/leiloesonline/cx-antigo-album-anos-90-2700-seguidos-de-500%f0%9f%98%b1/,2025-10-04T21:26:00-03:00,3d 10h 35m 41s,2025-10-01 11:00:59
"FH/ Original Mario Kart (Rara VersÃ£o Reino Unido) 229,00 SEGUIDOS DE 20,00",Sem lance,https://ifgamesleiloes.com/leiloesonline/fh-original-mario-kart-rara-versao-reino-unido-22900-seguidos-de-2000/,2025-09-27T20:00:00-03:00,1d 2h 17m 19s,2025-09-26 17:53:35
"FH/ ORIGINAL Street Fighter II: The New Challengers 79,00 SEGUIDOS DE 10,00",79,https://ifgamesleiloes.com/leiloesonline/fh-original-street-fighter-ii-the-new-challengers-7900-seguidos-de-1000/,2025-09-25T20:10:00-03:00,0d 6h 9m 24s,2025-09-25 14:07:37
"WA/ ORIGINAL SPIDER-MANğŸ˜±109,00 SEGUIDOS DE 9,00",Sem lance,https://ifgamesleiloes.com/leiloesonline/wa-original-spider-man%f0%9f%98%b110900-seguidos-de-900/,2025-10-01T20:57:00-03:00,0d 10h 6m 41s,2025-10-01 11:00:59
"B9/ ORIGINAL RAINBOW SIX USAğŸ˜±77,00 SEGUIDOS DE 9,00",Sem lance,https://ifgamesleiloes.com/leiloesonline/b9-original-rainbow-six-usa%f0%9f%98%b17700-seguidos-de-900/,2025-09-30T21:11:00-03:00,0d 4h 52m 3s,2025-09-30 16:31:29
"FH/ Caneca Super Mario 39,00 Seguidos de 5,00",Sem lance,https://ifgamesleiloes.com/leiloesonline/fh-caneca-super-mario-3900-seguidos-de-500/,2025-09-24T20:20:00-03:00,0d 0h 8m 57s,2025-09-24 20:20:19
"FH/ Caneca One Piece Luffy 39,00 seguidos de 5,00",Sem lance,https://ifgamesleiloes.com/leiloesonline/fh-caneca-one-piece-luffy-3900-seguidos-de-500/,2025-09-24T20:25:00-03:00,0d 0h 13m 56s,2025-09-24 20:20:19
"JD/ ORIGINAL SUPER REAL BASBALLğŸš¨ğŸ˜, 28,00 SEGUIDOS DE 8,00ğŸ˜®",Sem lance,https://ifgamesleiloes.com/leiloesonline/jd-original-super-real-basball%f0%9f%9a%a8%f0%9f%98%8d-2800-seguidos-de-800%f0%9f%98%ae/,2025-09-30T21:21:00-03:00,0d 5h 2m 3s,2025-09-30 16:31:29
"JD/ ORIGINAL BATTLE BASEBALLğŸš¨ğŸ˜, 29,00 SEGUIDOS DE 8,00ğŸ˜®",Sem lance,https://ifgamesleiloes.com/leiloesonline/jd-original-battle-baseball%f0%9f%9a%a8%f0%9f%98%8d-2900-seguidos-de-800%f0%9f%98%ae/,2025-09-30T21:18:00-03:00,0d 4h 59m 2s,2025-09-30 16:31:29
"JD/ORIGINAL JIKKYOU POWERFUL 5ğŸš¨, 29,00 SEGUIDOS DE 7,00ğŸ˜²",Sem lance,https://ifgamesleiloes.com/leiloesonline/jd-original-jikkyou-powerful-5%f0%9f%9a%a8-2900-seguidos-de-700%f0%9f%98%b2/,2025-09-30T21:07:00-03:00,0d 4h 48m 2s,2025-09-30 16:31:29
"JD/ ORIGINAL MARIO PARTYğŸš¨, 48,00 SEGUIDOS DE 7,00ğŸ˜²",Sem lance,https://ifgamesleiloes.com/leiloesonline/jd-original-mario-party%f0%9f%9a%a8-4800-seguidos-de-700%f0%9f%98%b2/,2025-10-05T21:03:00-03:00,4d 10h 12m 41s,2025-10-01 11:00:59
"JD/ORIGINAL MARIO HISTOTYğŸš¨, 47,00 SEGUIDOS DE 9,00ğŸ˜²",Sem lance,https://ifgamesleiloes.com/leiloesonline/jd-original-mario-histoty%f0%9f%9a%a8-4700-seguidos-de-900%f0%9f%98%b2/,2025-09-30T21:05:00-03:00,0d 4h 46m 2s,2025-09-30 16:31:29
"JD/ORIGINAL JIKKYOU POWERFUL 4ğŸš¨, 31,00 SEGUIDOS DE 7,00ğŸ˜²",Sem lance,https://ifgamesleiloes.com/leiloesonline/jd-original-jikkyou-powerful-4%f0%9f%9a%a8-3100-seguidos-de-700%f0%9f%98%b2/,2025-09-30T21:00:00-03:00,0d 4h 41m 2s,2025-09-30 16:31:29
"CX/ STREET HOMECOURT PS3ğŸ˜±37,00 SEGUIDOS DE 5,00ğŸ•¹ï¸",37,https://ifgamesleiloes.com/leiloesonline/cx-street-homecourt-ps3%f0%9f%98%b13700-seguidos-de-500%f0%9f%95%b9%ef%b8%8f/,2025-09-27T20:27:00-03:00,1d 2h 44m 18s,2025-09-26 17:53:35
"JD/ORIGINAL MARIO PARTY 2ğŸš¨, 49,00 SEGUIDOS DE 8,00ğŸ˜²",Sem lance,https://ifgamesleiloes.com/leiloesonline/jd-original-mario-party-2%f0%9f%9a%a8-4900-seguidos-de-800%f0%9f%98%b2/,2025-09-30T21:09:00-03:00,0d 4h 50m 1s,2025-09-30 16:31:29
"JD/ORIGINAL TAMAGOTCHI WORLDğŸš¨, 31,00 SEGUIDOS DE 7,00ğŸ˜²",Sem lance,https://ifgamesleiloes.com/leiloesonline/jd-original-tamagotchi-world%f0%9f%9a%a8-3100-seguidos-de-700%f0%9f%98%b2/,2025-09-30T21:06:00-03:00,0d 4h 47m 1s,2025-09-30 16:31:29
"JD/ORIGINAL VIRTUAL PRO WRESTLING 2ğŸš¨, 32,00 SEGUIDOS DE 7,00ğŸ˜²",Sem lance,https://ifgamesleiloes.com/leiloesonline/jd-original-virtual-pro-wrestling-2%f0%9f%9a%a8-3200-seguidos-de-700%f0%9f%98%b2/,2025-09-30T21:03:00-03:00,0d 4h 44m 1s,2025-09-30 16:31:29
"7B/ ORIGINAL INFINYT XBOX 360!ğŸ˜±29,00 SEGUIDOS DE 5,00",29,https://ifgamesleiloes.com/leiloesonline/7b-original-infinyt-xbox-360%f0%9f%98%b12900-seguidos-de-500/,2025-09-27T20:30:00-03:00,1d 2h 47m 17s,2025-09-26 17:53:35
"JD/ SUPER ROBOT TAISEN 3 PS2ğŸš¨, 29,00 SEGUIDOS DE 7,00ğŸ˜²",Sem lance,https://ifgamesleiloes.com/leiloesonline/jd-super-robot-taisen-3-ps2%f0%9f%9a%a8-2900-seguidos-de-700%f0%9f%98%b2/,2025-09-26T21:06:00-03:00,0d 3h 23m 17s,2025-09-26 17:53:35
"JD/ ORIGINAL SHUTOKU SIMULATION PS2ğŸš¨, 21,00 SEGUIDOS DE 7,00ğŸ˜²",Sem lance,https://ifgamesleiloes.com/leiloesonline/jd-original-shutoku-simulation-ps2%f0%9f%9a%a8-2100-seguidos-de-700%f0%9f%98%b2/,2025-10-03T21:01:00-03:00,2d 10h 10m 41s,2025-10-01 11:00:59
"VT/ FIGHTING MASTERğŸ˜±36,00 SEGUIDOS DE 5,00ğŸ‘½",Sem lance,https://ifgamesleiloes.com/leiloesonline/vt-fighting-master%f0%9f%98%b13600-seguidos-de-500%f0%9f%91%bd/,2025-09-27T21:01:00-03:00,1d 3h 18m 17s,2025-09-26 17:53:35
"B9/ ORIGINAL ONE PIACE BLATLE 2â™¨ï¸38,00 SEGUIDOS DE 5,00",Sem lance,https://ifgamesleiloes.com/leiloesonline/b9-original-one-piace-blatle-2%e2%99%a8%ef%b8%8f3800-seguidos-de-500/,2025-09-29T21:17:00-03:00,3d 3h 34m 18s,2025-09-26 17:53:35
"CX/ FINAL FANTASY XIII-2 PS3ğŸ˜±29,00 SEGUIDOS DE 5,00",Sem lance,https://ifgamesleiloes.com/leiloesonline/cx-final-fantasy-xiii-2-ps3%f0%9f%98%b12900-seguidos-de-500/,2025-09-29T21:05:00-03:00,3d 3h 22m 18s,2025-09-26 17:53:35
"WA/ PSVITA TOP+GOD OF WAR!â™¨ï¸400,00 SEGUIDOS DE 50,00",650,https://ifgamesleiloes.com/leiloesonline/wa-psvita-topgod-of-war%e2%99%a8%ef%b8%8f33000-seguidos-de-5000/,2025-09-29T21:25:00-03:00,3d 3h 42m 21s,2025-09-26 17:53:35
"WA/ 2 JOGOS LACRADOS! PS5ğŸ˜±94,00 SEGUIDOS DE 9,00",103,https://ifgamesleiloes.com/leiloesonline/wa-2-jogos-ps5%f0%9f%98%b19400-seguidos-de-900/,2025-09-29T21:27:00-03:00,3d 3h 44m 21s,2025-09-26 17:53:35
"WA/ PORTATIL 600 JOGOSğŸ˜55,00 SEGUIDOS DE 7,00",65,https://ifgamesleiloes.com/leiloesonline/wa-portatil-600-jogos%f0%9f%98%8d5500-seguidos-de-700/,2025-09-29T20:50:00-03:00,3d 3h 7m 22s,2025-09-26 17:53:35
"WA/ PORTATIL 600 JOGOSğŸ˜55,00 SEGUIDOS DE 7,00",Sem lance,https://ifgamesleiloes.com/leiloesonline/wa-2-carcacas-control-ps3%e2%99%a8%ef%b8%8f6700-seguidos-de-800/,2025-09-29T21:20:00-03:00,3d 3h 37m 21s,2025-09-26 17:53:35
"WA/ 2 CARCAÃ‡AS CONTROL PS3â™¨ï¸67,00 SEGUIDOS DE 8,00",58,https://ifgamesleiloes.com/leiloesonline/wa-sao-2-jogos-de-ps4%e2%99%a8%ef%b8%8f5800-seguidos-de-700%f0%9f%93%a6/,2025-09-29T21:01:00-03:00,3d 3h 18m 21s,2025-09-26 17:53:35
"WA/ 2 CARCAÃ‡AS CONTROL PS3â™¨ï¸67,00 SEGUIDOS DE 8,00",226,https://ifgamesleiloes.com/leiloesonline/wa-sony-psp-30001-top-17700-seguidos-de-1200%f0%9f%98%b1/,2025-09-29T21:11:00-03:00,5d 1h 0m 1s,2025-09-24 20:20:19
"WA/ SÃƒO 2 JOGOS DE PS4!â™¨ï¸58,00 SEGUIDOS DE 7,00ğŸ“¦",210,https://ifgamesleiloes.com/leiloesonline/wa-2-psps-sony-%f0%9f%a5%b314700-seguidos-de-1000%e2%99%a8%ef%b8%8f/,2025-09-29T20:45:00-03:00,3d 3h 2m 22s,2025-09-26 17:53:35
"WA/ SÃƒO 2 JOGOS DE PS4!â™¨ï¸58,00 SEGUIDOS DE 7,00ğŸ“¦",80,https://ifgamesleiloes.com/leiloesonline/wa-2-jogos-ps4%e2%99%a8%ef%b8%8f6900-seguidos-de-700%f0%9f%98%b1/,2025-09-30T21:18:00-03:00,0d 4h 59m 6s,2025-09-30 16:31:29
"WA/ SONY PSP 30001 TOP! 177,00 SEGUIDOS DE 12,00ğŸ˜±",77,https://ifgamesleiloes.com/leiloesonline/wa-spiderman-morales%e2%99%a8%ef%b8%8f7700-seguidos-de-7%f0%9f%95%b8%ef%b8%8f/,2025-09-30T21:31:00-03:00,0d 5h 12m 5s,2025-09-30 16:31:29
"WA/ SONY PSP 30001 TOP! 177,00 SEGUIDOS DE 12,00ğŸ˜±",Sem lance,https://ifgamesleiloes.com/leiloesonline/wa-spider-man-ps4-ps5%f0%9f%98%b15300-seguidos-de-700/,2025-10-05T21:11:00-03:00,4d 10h 20m 42s,2025-10-01 11:00:59
"WA/ 2 PSPs! SONY.ğŸ¥³147,00 SEGUIDOS DE 10,00â™¨ï¸",98,https://ifgamesleiloes.com/leiloesonline/wa-original-memoria-saturno%e2%99%a8%ef%b8%8f9800-seguidos-de-500/,2025-09-30T20:27:00-03:00,0d 4h 8m 5s,2025-09-30 16:31:29
"WA/ 2 JOGOS PS4â™¨ï¸69,00 SEGUIDOS DE 7,00ğŸ˜±",63,https://ifgamesleiloes.com/leiloesonline/wa-horizon-forbidden-west%e2%99%a8%ef%b8%8f6300-seguidos-de-900/,2025-09-30T21:23:00-03:00,0d 5h 4m 5s,2025-09-30 16:31:29
"WA/ SPIDERMAN MORALESâ™¨ï¸77,00 SEGUIDOS DE 7ğŸ•¸ï¸",79,https://ifgamesleiloes.com/leiloesonline/wa-the-last-part-2%f0%9f%98%8d7900-seguidos-de-900%e2%99%a8%ef%b8%8f/,2025-09-30T21:10:00-03:00,0d 4h 51m 5s,2025-09-30 16:31:29
"WA/ SPIDER-MAN PS4/PS5ğŸ˜±53,00 SEGUIDOS DE 7,00",277,https://ifgamesleiloes.com/leiloesonline/wa-lindo-dactarnota-mesbla-27700-seguidos-de-2400%e2%99%a8%ef%b8%8f/,2025-10-02T20:30:00-03:00,1d 9h 39m 42s,2025-10-01 11:00:59
"WA/ ORIGINAL MEMÃ“RIA SATURNOâ™¨ï¸98,00 SEGUIDOS DE 5,00",209,https://ifgamesleiloes.com/leiloesonline/jd-original-controle-n64-gold%f0%9f%9a%a8%f0%9f%98%8d-20900-seguidos-de-2300%f0%9f%98%ae/,2025-10-01T22:00:00-03:00,0d 11h 9m 42s,2025-10-01 11:00:59
"WA/ Horizon Forbidden Westâ™¨ï¸63,00 SEGUIDOS DE 9,00",137,https://ifgamesleiloes.com/leiloesonline/wa-mochila-top-millennium-falcon%f0%9f%98%b113700-seguidos-de-1200/,2025-09-29T20:56:00-03:00,3d 3h 13m 22s,2025-09-26 17:53:35
"WA/ THE LAST PART 2ğŸ˜79,00 SEGUIDOS DE 9,00â™¨ï¸",49,https://ifgamesleiloes.com/leiloesonline/jd-original-dk3%f0%9f%9a%a8%f0%9f%98%8d-4900-seguidos-de-700%f0%9f%98%ae/,2025-10-01T21:20:00-03:00,0d 10h 29m 43s,2025-10-01 11:00:59
"WA/ LINDO DACTAR!+NOTA MESBLA! 277,00 SEGUIDOS DE 24,00â™¨ï¸",79,https://ifgamesleiloes.com/leiloesonline/jd-original-fonte-super-nintendo%f0%9f%9a%a8%f0%9f%98%8d-7900-seguidos-de-600%f0%9f%98%ae/,2025-10-01T21:10:00-03:00,0d 10h 19m 43s,2025-10-01 11:00:59
"JD/ ORIGINAL CONTROLE N64 GOLDğŸš¨ğŸ˜, 209,00 SEGUIDOS DE 23,00ğŸ˜®",Sem lance,https://ifgamesleiloes.com/leiloesonline/jd-original-rf%f0%9f%9a%a8%f0%9f%98%8d-2900-seguidos-de-400%f0%9f%98%ae/,2025-10-01T21:05:00-03:00,5d 10h 15m 30s,2025-09-26 10:59:06
"WA/ MOCHILA TOP MILLENNIUM FALCONğŸ˜±137,00 SEGUIDOS DE 12,00",60,https://ifgamesleiloes.com/leiloesonline/jd-original-controle-super-nintendo%f0%9f%9a%a8%f0%9f%98%8d-5900-seguidos-de-600%f0%9f%98%ae/,2025-10-01T21:00:00-03:00,0d 10h 9m 43s,2025-10-01 11:00:59
"JD/ ORIGINAL DK3ğŸš¨ğŸ˜, 49,00 SEGUIDOS DE 7,00ğŸ˜®",174,https://ifgamesleiloes.com/leiloesonline/cb-nintendo-wii-14800-seguidos-de-1300%f0%9f%98%8d/,2025-09-30T21:20:00-03:00,0d 5h 1m 6s,2025-09-30 16:31:29
"JD/ ORIGINAL FONTE SUPER NINTENDOğŸš¨ğŸ˜, 79,00 SEGUIDOS DE 6,00ğŸ˜®",67,https://ifgamesleiloes.com/leiloesonline/wa-original-god-of-war-2-top%e2%99%a8%ef%b8%8f5500-seguidos-de-700/,2025-10-01T20:44:00-03:00,0d 9h 53m 43s,2025-10-01 11:00:59
"JD/ ORIGINAL RFğŸš¨ğŸ˜, 29,00 SEGUIDOS DE 4,00ğŸ˜®",Sem lance,https://ifgamesleiloes.com/leiloesonline/wa-distintivo-de-raccon-city%f0%9f%98%b111500-seguidos-de-1200%e2%99%a8%ef%b8%8f/,2025-10-01T21:15:00-03:00,0d 10h 24m 43s,2025-10-01 11:00:59
"JD/ ORIGINAL CONTROLE SUPER NINTENDOğŸš¨ğŸ˜, 59,00 SEGUIDOS DE 6,00ğŸ˜®",29,https://ifgamesleiloes.com/leiloesonline/jd-original-rf%f0%9f%9a%a8%f0%9f%98%8d-2900-seguidos-de-400%f0%9f%98%ae/,2025-10-01T21:05:00-03:00,0d 10h 14m 43s,2025-10-01 11:00:59
"CB/ NINTENDO WII, 148,00 SEGUIDOS DE 13,00ğŸ˜",161,https://ifgamesleiloes.com/leiloesonline/cb-nintendo-wii-14800-seguidos-de-1300%f0%9f%98%8d/,2025-09-30T21:20:00-03:00,4d 12h 24m 33s,2025-09-26 09:03:55
"WA/ ORIGINAL GOD OF WAR 2! USA TOP!â™¨ï¸55,00 SEGUIDOS DE 7,00",Sem lance,https://ifgamesleiloes.com/leiloesonline/wa-original-god-of-war-2-top%e2%99%a8%ef%b8%8f5500-seguidos-de-700/,2025-10-01T20:44:00-03:00,5d 11h 48m 33s,2025-09-26 09:03:55
"WA/ DISTINTIVO RACCON CITYğŸ˜±115,00 SEGUIDOS DE 12,00â™¨ï¸",70,https://ifgamesleiloes.com/leiloesonline/wa-original-donkey-returns%e2%99%a8%ef%b8%8f3900-seguidos-de-500/,2025-09-30T22:00:00-03:00,0d 5h 41m 8s,2025-09-30 16:31:29
"JD/ ORIGINAL RF SUPER NINTENDOğŸš¨ğŸ˜, 29,00 SEGUIDOS DE 4,00ğŸ˜®",Sem lance,https://ifgamesleiloes.com/leiloesonline/61720/,2025-10-01T20:58:00-03:00,0d 10h 7m 44s,2025-10-01 11:00:59
"WA/ MASTER NA CAIXA LACRADAâ™¨ï¸50,00 SEGUIDOS DE 20,00ğŸ“º",129,https://ifgamesleiloes.com/leiloesonline/wa-lote-originais-psp-13400-seguidos-de-500%f0%9f%98%b1/,2025-10-01T21:51:00-03:00,0d 11h 0m 43s,2025-10-01 11:00:59
"WA/ ORIGINAL BASTARD PS1â™¨ï¸39,00 SEGUIDOS DE 6,00",850,https://ifgamesleiloes.com/leiloesonline/cb-ps1picoboot-85000-seguidos-de-2500%f0%9f%98%8d/,2025-10-03T21:20:54-03:00,2d 10h 30m 37s,2025-10-01 11:00:59
"WA/ ORIGINAL DONKEY RETURNSâ™¨ï¸39,00 SEGUIDOS DE 5,00",184,https://ifgamesleiloes.com/leiloesonline/fh-console-snes-001-off-board-americano-9700-seguidos-de-900/,2025-10-01T20:00:00-03:00,0d 9h 9m 43s,2025-10-01 11:00:59
"WA/ BATARANG ORIGINAL BATM. 120,00 SEGUIDOS DE 5,00â™¨ï¸",Sem lance,https://ifgamesleiloes.com/leiloesonline/cl-%f0%9f%98%b1kit-opl-playstation-2-%f0%9f%a5%b3-28000-seguidos-900%f0%9f%98%b2/,2025-10-06T22:00:00-03:00,5d 11h 9m 48s,2025-10-01 11:00:59
"WA/ LOTE ORIGINAIS PSP. 129,00 SEGUIDOS DE 5,00ğŸ˜±",Sem lance,https://ifgamesleiloes.com/leiloesonline/cl-%f0%9f%98%b1lote-de-2-dynavision-3%f0%9f%a5%b3-18800-seguidos-900%f0%9f%98%b2/,2025-10-06T22:00:00-03:00,5d 11h 9m 48s,2025-10-01 11:00:59
"CB/ PS1+PICOBOOT, 850,00 SEGUIDOS DE 25,00ğŸ˜",Sem lance,https://ifgamesleiloes.com/leiloesonline/cl-%f0%9f%98%b1dell-com-batocera%f0%9f%a5%b3-26800-seguidos-900%f0%9f%98%b2/,2025-10-06T23:00:00-03:00,5d 12h 9m 48s,2025-10-01 11:00:59
"FH/ CONSOLE SNES 001 OFF BOARDğŸ˜±USA. 97,00 SEGUIDOS DE 9,00",Sem lance,https://ifgamesleiloes.com/leiloesonline/cl-%f0%9f%98%b1clone-de-mega-drive-%f0%9f%a5%b3-6800-seguidos-900%f0%9f%98%b2/,2025-10-07T23:00:00-03:00,6d 12h 9m 48s,2025-10-01 11:00:59
"CL/ ğŸ˜±KIT OPL PLAYSTATION 2 ğŸ¥³ 280,00 SEGUIDOS 9,00ğŸ˜²",Sem lance,https://ifgamesleiloes.com/leiloesonline/cl-%f0%9f%98%b1kit-opl-playstation-2-%f0%9f%a5%b3-28000-seguidos-900%f0%9f%98%b2/,2025-10-06T22:00:00-03:00,6d 5h 41m 16s,2025-09-30 16:31:29
"CL/ ğŸ˜±LOTE DE 2 DYNAVISION 3ğŸ¥³ 188,00 SEGUIDOS 9,00ğŸ˜²",Sem lance,https://ifgamesleiloes.com/leiloesonline/jd-original-street-fighter-alpha-2%f0%9f%9a%a8%f0%9f%98%8d-41900-seguidos-de-1500%f0%9f%98%ae/,2025-10-06T22:20:00-03:00,5d 11h 29m 48s,2025-10-01 11:00:59
"CL/ ğŸ˜±DELL COM BATOCERAğŸ¥³ 268,00 SEGUIDOS 9,00ğŸ˜²",120,https://ifgamesleiloes.com/leiloesonline/jd-original-dk-million-seller%f0%9f%9a%a8%f0%9f%98%8d-9300-seguidos-de-700%f0%9f%98%ae/,2025-10-06T22:10:00-03:00,5d 11h 19m 48s,2025-10-01 11:00:59
"CL/ ğŸ˜±CLONE DE MEGA DRIVE ğŸ¥³ 68,00 SEGUIDOS 9,00ğŸ˜²",87,https://ifgamesleiloes.com/leiloesonline/jd-original-rei-leao%f0%9f%9a%a8%f0%9f%98%8d-8700-seguidos-de-700%f0%9f%98%ae/,2025-10-06T22:00:00-03:00,5d 11h 9m 48s,2025-10-01 11:00:59
"CL/ ğŸ˜±LOTE DE 4 ATARI DCTARğŸ¥³ 268,00 SEGUIDOS 9,00ğŸ˜²",238,https://ifgamesleiloes.com/leiloesonline/wa-xbox-na-caixanota%e2%99%a8%ef%b8%8f17800-seguidos-de-2800/,2025-10-05T21:07:00-03:00,4d 10h 16m 47s,2025-10-01 11:00:59
"JD/ ORIGINAL STREET FIGHTER ALPHA 2ğŸš¨ğŸ˜, 319,00 SEGUIDOS DE 15,00ğŸ˜®",Sem lance,https://ifgamesleiloes.com/leiloesonline/r7-original-phaser-sega-na-caixa%f0%9f%98%b117900-seguidos-de-1100/,2025-10-04T21:11:00-03:00,3d 10h 20m 47s,2025-10-01 11:00:59
"JD/ ORIGINAL DK MILLION SELLERğŸš¨ğŸ˜, 93,00 SEGUIDOS DE 7,00ğŸ˜®",155,https://ifgamesleiloes.com/leiloesonline/wa-original-modem-ps2link-lacrado%e2%99%a8%ef%b8%8f14700-seguidos-de-800/,2025-10-04T21:09:00-03:00,3d 10h 18m 47s,2025-10-01 11:00:59
"JD/ ORIGINAL REI LEÃƒOğŸš¨ğŸ˜, 87,00 SEGUIDOS DE 7,00ğŸ˜®",Sem lance,https://ifgamesleiloes.com/leiloesonline/jd-original-dk2-%f0%9f%9a%a8%f0%9f%98%8d-4900-seguidos-de-800%f0%9f%98%ae/,2025-10-03T22:16:00-03:00,2d 11h 25m 47s,2025-10-01 11:00:59
"WA/ XBOX NA CAIXA+NOTAâ™¨ï¸178,00 SEGUIDOS DE 28,00",50,https://ifgamesleiloes.com/leiloesonline/jd-original-rumble-pack-n64-%f0%9f%9a%a8%f0%9f%98%8d-4900-seguidos-de-500%f0%9f%98%ae/,2025-10-03T22:08:00-03:00,2d 11h 17m 47s,2025-10-01 11:00:59
"R7/ ORIGINAL PHASER SEGA! NA CAIXAğŸ˜±179,00 SEGUIDOS DE 11,00",39,https://ifgamesleiloes.com/leiloesonline/jd-original-controller-pak-n64-%f0%9f%9a%a8%f0%9f%98%8d-3900-seguidos-de-500%f0%9f%98%ae/,2025-10-03T22:05:00-03:00,2d 11h 14m 47s,2025-10-01 11:00:59
"WA/ ORIGINAL MODEM PS2+LINK LACRADOâ™¨ï¸147,00 SEGUIDOS DE 8,00",129,https://ifgamesleiloes.com/leiloesonline/jd-original-mario-64-completo%f0%9f%9a%a8%f0%9f%98%8d-12900-seguidos-de-1500%f0%9f%98%ae/,2025-10-03T22:00:00-03:00,2d 11h 9m 47s,2025-10-01 11:00:59
"JD/ ORIGINAL DK2 ğŸš¨ğŸ˜ 49,00 SEGUIDOS DE 8,00ğŸ˜®",59,https://ifgamesleiloes.com/leiloesonline/jd-original-mario-kart-64%f0%9f%9a%a8%f0%9f%98%8d-5900-seguidos-de-700%f0%9f%98%ae/,2025-10-03T21:56:00-03:00,2d 11h 5m 47s,2025-10-01 11:00:59
"JD/ ORIGINAL Rumble Pack N64 ğŸš¨ğŸ˜, 39,00 SEGUIDOS DE 5,00ğŸ˜®",Sem lance,https://ifgamesleiloes.com/leiloesonline/jd-original-smash-bros%f0%9f%9a%a8%f0%9f%98%8d-5700-seguidos-de-700%f0%9f%98%ae/,2025-10-03T21:51:00-03:00,2d 11h 0m 46s,2025-10-01 11:00:59
"JD/ ORIGINAL Controller Pak N64 ğŸš¨ğŸ˜, 39,00 SEGUIDOS DE 5,00ğŸ˜®",60,https://ifgamesleiloes.com/leiloesonline/cx-super-metroid-snes-3900-seguidos-de-700/,2025-10-04T21:17:00-03:00,3d 10h 26m 46s,2025-10-01 11:00:59
"JD/ ORIGINAL MARIO 64 COMPLETOğŸš¨ğŸ˜, 129,00 SEGUIDOS DE 15,00ğŸ˜®",Sem lance,https://ifgamesleiloes.com/leiloesonline/jd-original-pokemon-gold-e-silver%f0%9f%9a%a8%f0%9f%98%8d-5200-seguidos-de-700%f0%9f%98%ae/,2025-10-03T21:48:00-03:00,2d 10h 57m 46s,2025-10-01 11:00:59
"JD/ ORIGINAL MARIO KART 64ğŸš¨ğŸ˜, 59,00 SEGUIDOS DE 7,00ğŸ˜®",Sem lance,https://ifgamesleiloes.com/leiloesonline/jd-original-pokemon-stadium%f0%9f%9a%a8%f0%9f%98%8d-5100-seguidos-de-700%f0%9f%98%ae/,2025-10-03T21:52:00-03:00,2d 11h 1m 46s,2025-10-01 11:00:59
"JD/ ORIGINAL SMASH BROSğŸš¨ğŸ˜, 57,00 SEGUIDOS DE 7,00ğŸ˜®",59,https://ifgamesleiloes.com/leiloesonline/jd-original-star-fox-64%f0%9f%9a%a8%f0%9f%98%8d-5900-seguidos-de-700%f0%9f%98%ae/,2025-10-03T21:44:00-03:00,2d 10h 53m 46s,2025-10-01 11:00:59
"CX/ SUPER METROID. SNES. 39,00 SEGUIDOS DE 7,00",Sem lance,https://ifgamesleiloes.com/leiloesonline/jd-original-yosh-island-completo%f0%9f%9a%a8%f0%9f%98%8d-10900-seguidos-de-1300%f0%9f%98%ae/,2025-10-03T21:33:00-03:00,2d 10h 42m 46s,2025-10-01 11:00:59
"JD/ ORIGINAL POKEMON GOLD E SILVERğŸš¨ğŸ˜, 52,00 SEGUIDOS DE 7,00ğŸ˜®",Sem lance,https://ifgamesleiloes.com/leiloesonline/jd-original-mickey-1%f0%9f%9a%a8%f0%9f%98%8d-5300-seguidos-de-700%f0%9f%98%ae/,2025-10-03T21:32:00-03:00,2d 10h 41m 46s,2025-10-01 11:00:59
"JD/ ORIGINAL POKEMON STADIUMğŸš¨ğŸ˜, 51,00 SEGUIDOS DE 7,00ğŸ˜®",Sem lance,https://ifgamesleiloes.com/leiloesonline/jd-original-dragon-ball-z-2%f0%9f%9a%a8%f0%9f%98%8d-3700-seguidos-de-700%f0%9f%98%ae/,2025-10-03T21:29:00-03:00,2d 10h 38m 46s,2025-10-01 11:00:59
"JD/ ORIGINAL STAR FOX 64ğŸš¨ğŸ˜, 59,00 SEGUIDOS DE 7,00ğŸ˜®",36,https://ifgamesleiloes.com/leiloesonline/jd-original-dragon-ball-z-3%f0%9f%9a%a8%f0%9f%98%8d-3600-seguidos-de-700%f0%9f%98%ae/,2025-10-03T21:25:00-03:00,2d 10h 34m 45s,2025-10-01 11:00:59
"JD/ ORIGINAL MARIO WORLD 2 COMPLETOğŸš¨ğŸ˜109,00 SEGUIDOS DE 13,00ğŸ˜®",33,https://ifgamesleiloes.com/leiloesonline/jd-original-mario-picross%f0%9f%9a%a8%f0%9f%98%8d-3300-seguidos-de-700%f0%9f%98%ae/,2025-10-03T21:15:00-03:00,2d 10h 24m 45s,2025-10-01 11:00:59
"JD/ ORIGINAL MICKEY 1ğŸš¨ğŸ˜, 53,00 SEGUIDOS DE 7,00ğŸ˜®",Sem lance,https://ifgamesleiloes.com/leiloesonline/jd-original-kirby-delux%f0%9f%9a%a8%f0%9f%98%8d-5200-seguidos-de-700%f0%9f%98%ae/,2025-10-03T21:10:00-03:00,2d 10h 19m 45s,2025-10-01 11:00:59
"JD/ ORIGINAL DRAGON BALL Z 2ğŸš¨ğŸ˜, 37,00 SEGUIDOS DE 7,00ğŸ˜®",Sem lance,https://ifgamesleiloes.com/leiloesonline/jd-original-kirby%f0%9f%9a%a8%f0%9f%98%8d-3700-seguidos-de-700%f0%9f%98%ae/,2025-10-03T21:05:00-03:00,2d 10h 14m 45s,2025-10-01 11:00:59
"JD/ ORIGINAL DRAGON BALL Z 3ğŸš¨ğŸ˜, 36,00 SEGUIDOS DE 7,00ğŸ˜®",45,https://ifgamesleiloes.com/leiloesonline/jd-original-fatal-fury%f0%9f%9a%a8%f0%9f%98%8d-3800-seguidos-de-700%f0%9f%98%ae/,2025-10-03T21:00:00-03:00,2d 10h 9m 45s,2025-10-01 11:00:59
"JD/ ORIGINAL MARIO PICROSSğŸš¨ğŸ˜, 33,00 SEGUIDOS DE 7,00ğŸ˜®",1197,https://ifgamesleiloes.com/leiloesonline/fh-ps2-fat-edition-a-spec-35000gt-119700-seguidos-de-3000/,2025-10-05T20:00:00-03:00,4d 9h 9m 45s,2025-10-01 11:00:59
"JD/ ORIGINAL KIRBY DELUXğŸš¨ğŸ˜, 52,00 SEGUIDOS DE 7,00ğŸ˜®",416,https://ifgamesleiloes.com/leiloesonline/wa-psp-na-caixa-desbloqueado%f0%9f%98%b1-20000-seguidos-de-3300%e2%99%a8%ef%b8%8f/,2025-10-04T21:03:00-03:00,3d 10h 12m 45s,2025-10-01 11:00:59
"JD/ ORIGINAL KIRBYğŸš¨ğŸ˜, 37,00 SEGUIDOS DE 7,00ğŸ˜®",95,https://ifgamesleiloes.com/leiloesonline/wa-mortak-kombat-1-ps5%f0%9f%98%b19800-seguidos-de-900%e2%99%a8%ef%b8%8f/,2025-10-02T14:11:00-03:00,1d 3h 20m 45s,2025-10-01 11:00:59
"JD/ ORIGINAL FATAL FURYğŸš¨ğŸ˜, 38,00 SEGUIDOS DE 7,00ğŸ˜®",212,https://ifgamesleiloes.com/leiloesonline/wa-controle-playstation-5%f0%9f%98%b1109-seguidos-de-1200%e2%99%a8%ef%b8%8f/,2025-10-01T21:17:00-03:00,0d 10h 26m 45s,2025-10-01 11:00:59
"FH/ PS2 FAT EDITION A-SPEC 35000GT ! 1197,00 SEGUIDOS DE 30,00",Sem lance,https://ifgamesleiloes.com/leiloesonline/wa-the-witch%e2%99%a8%ef%b8%8f-usa%f0%9f%98%b110900-seguidos-de-900/,2025-10-01T21:50:00-03:00,0d 10h 59m 44s,2025-10-01 11:00:59
"WA/ PSP NA CAIXA! DESBLOQUEğŸ˜±197,00 SEGUIDOS DE 33,00â™¨ï¸",Sem lance,https://ifgamesleiloes.com/leiloesonline/wa-original-final-fantasy-xll-%e2%99%a8%ef%b8%8f-4800-seguidos-de-700/,2025-10-01T21:15:00-03:00,0d 10h 24m 44s,2025-10-01 11:00:59
"WA/ MORTAK KOMBAT 1 PS5ğŸ˜±86,00 SEGUIDOS DE 9,00â™¨ï¸",Sem lance,https://ifgamesleiloes.com/leiloesonline/wa-original-myst-saturn%f0%9f%98%b14800-seguidos-de-500%e2%99%a8%ef%b8%8f/,2025-10-01T20:27:00-03:00,0d 9h 36m 44s,2025-10-01 11:00:59
"WA/ CONTROLE PLAYSTATION 5ğŸ˜±109 SEGUIDOS DE 12,00â™¨ï¸",212,https://ifgamesleiloes.com/leiloesonline/wa-controle-playstation-5%f0%9f%98%b1109-seguidos-de-1200%e2%99%a8%ef%b8%8f/,2025-10-01T21:17:00-03:00,1d 4h 58m 9s,2025-09-30 16:31:29
"WA/ THE WITCHâ™¨ï¸ USAğŸ˜±109,00 SEGUIDOS DE 9,00",Sem lance,https://ifgamesleiloes.com/leiloesonline/wa-disgaea-3-americano%e2%99%a8%ef%b8%8f13700-seguidos-de-900/,2025-10-02T21:00:00-03:00,1d 10h 9m 44s,2025-10-01 11:00:59
"WA/ ORIGINAL FINAL FANTASY Xll â™¨ï¸ 48,00 seguidos de 7,00",57,https://ifgamesleiloes.com/leiloesonline/wa-original-metal-gear-2%e2%99%a8%ef%b8%8f5100-seguidos-de-600%f0%9f%93%ba/,2025-10-01T22:01:00-03:00,0d 11h 10m 44s,2025-10-01 11:00:59
"WA/ ORIGINAL MYST SATURNğŸ˜±48,00 SEGUIDOS DE 5,00â™¨ï¸",Sem lance,https://ifgamesleiloes.com/leiloesonline/wa-original-myst-saturn%f0%9f%98%b14800-seguidos-de-500%e2%99%a8%ef%b8%8f/,2025-10-01T20:27:00-03:00,1d 4h 8m 9s,2025-09-30 16:31:29
"WA/ 1 ON 1 ORIGINAL! ğŸ˜±40,00 SEGUIDOS DE 5,00â™¨ï¸",Sem lance,https://ifgamesleiloes.com/leiloesonline/wa-raro-controle-dynacon%f0%9f%98%b110900-seguidos-de-700%f0%9f%93%ba/,2025-10-02T20:43:00-03:00,1d 9h 52m 44s,2025-10-01 11:00:59
"WA/ DISGAEA 3! USA! PS3â™¨ï¸99,00 SEGUIDOS DE 9,00",Sem lance,https://ifgamesleiloes.com/leiloesonline/jd-original-mario-paint%f0%9f%9a%a8%f0%9f%98%8d-3900-seguidos-de-600%f0%9f%98%ae/,2025-10-03T21:16:00-03:00,2d 10h 25m 42s,2025-10-01 11:00:59
"WA/ ORIGINAL METAL GEAR 2â™¨ï¸51,00 SEGUIDOS DE 6,00ğŸ“º",Sem lance,https://ifgamesleiloes.com/leiloesonline/jd-super-robot-taisen-3-ps2%f0%9f%9a%a8-2400-seguidos-de-700%f0%9f%98%b2/,2025-10-03T21:06:00-03:00,2d 10h 15m 41s,2025-10-01 11:00:59
"FH/ Caixa Completa PokÃ©mon Y S/JOGO 39,00 SEGUIDOS DE 5,00",300,https://ifgamesleiloes.com/leiloesonline/wa-nintendo-edicao-mario%f0%9f%98%8d17800-seguidos-de-1700%e2%99%a8%ef%b8%8f/,2025-10-07T20:47:00-03:00,6d 9h 56m 50s,2025-10-01 11:00:59
"WA/ RARO CONTROLE DYNACONğŸ˜±109,00 SEGUIDOS DE 7,00ğŸ“º",425,https://ifgamesleiloes.com/leiloesonline/fh-playstation-3-c-evilnat-21900-seguidos-de-2000/,2025-10-07T21:00:00-03:00,6d 10h 9m 50s,2025-10-01 11:00:59
"JD/ ORIGINAL MARIO PAINTğŸš¨ğŸ˜, 39,00 SEGUIDOS DE 6,00ğŸ˜®",Sem lance,https://ifgamesleiloes.com/leiloesonline/jd-goolf-e-troop%f0%9f%9a%a8%f0%9f%98%8d-5700-seguidos-de-800%f0%9f%98%ae/,2025-10-05T22:10:00-03:00,4d 11h 19m 50s,2025-10-01 11:00:59
"JD/ SUPER ROBOT TAISEN 3 PS2ğŸš¨, 24,00 SEGUIDOS DE 7,00ğŸ˜²",58,https://ifgamesleiloes.com/leiloesonline/jd-mortal-kombat-ultimate%f0%9f%9a%a8%f0%9f%98%8d-5800-seguidos-de-700%f0%9f%98%ae/,2025-10-05T22:00:00-03:00,4d 11h 9m 49s,2025-10-01 11:00:59
"WA/ NINTENDO EDIÃ‡ÃƒO MARIO!ğŸ˜178,00 SEGUIDOS DE 17,00â™¨ï¸",Sem lance,https://ifgamesleiloes.com/leiloesonline/cl-%f0%9f%98%b1xbox-360-fat-lindo%f0%9f%a5%b315800-seguidos-900%f0%9f%98%b2/,2025-10-06T22:00:00-03:00,5d 11h 9m 49s,2025-10-01 11:00:59
"FH/ PLAYSTATION 3 C/EVILNAT 219,00 SEGUIDOS DE 20,00",168,https://ifgamesleiloes.com/leiloesonline/cl-%f0%9f%98%b1notebook-i5-com-batocera%f0%9f%a5%b3-16800-seguidos-900%f0%9f%98%b2/,2025-10-07T22:00:00-03:00,6d 11h 9m 49s,2025-10-01 11:00:59
"JD/ GOOLF E TROOPğŸš¨ğŸ˜, 57,00 SEGUIDOS DE 8,00ğŸ˜®",Sem lance,https://ifgamesleiloes.com/leiloesonline/cl-%f0%9f%98%b1lote-de-mega-driver%f0%9f%a5%b3-20800-seguidos-900%f0%9f%98%b2/,2025-10-07T21:00:00-03:00,6d 10h 9m 49s,2025-10-01 11:00:59
"JD/ MORTAL KOMBAT ULTIMATEğŸš¨ğŸ˜, 58,00 SEGUIDOS DE 7,00ğŸ˜®",128,https://ifgamesleiloes.com/leiloesonline/cl-%f0%9f%98%b1master-system-3%f0%9f%a5%b3-12800-seguidos-900%f0%9f%98%b2/,2025-10-07T03:00:00-03:00,5d 16h 9m 49s,2025-10-01 11:00:59
"CL/ ğŸ˜±XBOX 360 FAT LINDOğŸ¥³158,00 SEGUIDOS 9,00ğŸ˜²",110,https://ifgamesleiloes.com/leiloesonline/fl-original-doraemon-sega-pico%f0%9f%98%b210900-seguidos-de-1500/,2025-10-06T20:33:00-03:00,5d 9h 42m 49s,2025-10-01 11:00:59
"CL/ ğŸ˜±NOTEBOOK I5 COM BATOCERAğŸ¥³ 168,00 SEGUIDOS 9,00ğŸ˜²",446,https://ifgamesleiloes.com/leiloesonline/wa-lindo-portatil-sony-psvita%f0%9f%98%8d22700-seguidos-de-3300/,2025-10-06T21:23:00-03:00,5d 10h 32m 49s,2025-10-01 11:00:59
"CL/ ğŸ˜±LOTE DE MEGA DRIVERğŸ¥³ 208,00 SEGUIDOS 9,00ğŸ˜²",Sem lance,https://ifgamesleiloes.com/leiloesonline/cl-%f0%9f%98%b1dynacon-magi-computer-95-%f0%9f%a5%b3-11800-seguidos-900%f0%9f%98%b2/,2025-10-07T03:00:00-03:00,5d 16h 9m 49s,2025-10-01 11:00:59
"CL/ ğŸ˜±MASTER SYSTEM 3ğŸ¥³ 128,00 SEGUIDOS 9,00ğŸ˜²",Sem lance,https://ifgamesleiloes.com/leiloesonline/cl-%f0%9f%98%b1lote-de-4-atari-dctar%f0%9f%a5%b3-26800-seguidos-900%f0%9f%98%b2/,2025-10-04T22:00:00-03:00,3d 11h 9m 48s,2025-10-01 11:00:59
"FL/ ORIGINAL DORAEMON SEGA PICO!ğŸ˜²109,00 SEGUIDOS DE 15,00",110,https://ifgamesleiloes.com/leiloesonline/fl-original-doraemon-sega-pico%f0%9f%98%b210900-seguidos-de-1500/,2025-10-06T20:33:00-03:00,5d 12h 16m 25s,2025-10-01 08:25:53
"WA/ LINDO PORTÃTIL SONY PSVITAğŸ˜227,00 SEGUIDOS DE 33,00",446,https://ifgamesleiloes.com/leiloesonline/wa-lindo-portatil-sony-psvita%f0%9f%98%8d22700-seguidos-de-3300/,2025-10-06T21:23:00-03:00,5d 13h 6m 25s,2025-10-01 08:25:53
"CL/ ğŸ˜±DYNACON MAGI COMPUTER 95 ğŸ¥³ 118,00 SEGUIDOS 9,00ğŸ˜²",Sem lance,https://ifgamesleiloes.com/leiloesonline/cl-%f0%9f%98%b1dynacon-magi-computer-95-%f0%9f%a5%b3-11800-seguidos-900%f0%9f%98%b2/,2025-10-07T03:00:00-03:00,5d 18h 43m 25s,2025-10-01 08:25:53
"CL/ ğŸ˜±LOTE DE 4 ATARI DACTARğŸ¥³ 268,00 SEGUIDOS 9,00ğŸ˜²",Sem lance,https://ifgamesleiloes.com/leiloesonline/cl-%f0%9f%98%b1lote-de-4-atari-dctar%f0%9f%a5%b3-26800-seguidos-900%f0%9f%98%b2/,2025-10-04T22:00:00-03:00,3d 13h 43m 24s,2025-10-01 08:25:53
"JD/ORIGINAL JIKKYOU POWERFUL 5ğŸš¨, 27,00 SEGUIDOS DE 7,00ğŸ˜²",Sem lance,https://ifgamesleiloes.com/leiloesonline/jd-original-jikkyou-powerful-5%f0%9f%9a%a8-2700-seguidos-de-700%f0%9f%98%b2/,2025-10-05T21:07:00-03:00,4d 10h 16m 41s,2025-10-01 11:00:59
"JD/ORIGINAL JIKKYOU POWERFUL 4ğŸš¨, 26,00 SEGUIDOS DE 7,00ğŸ˜²",Sem lance,https://ifgamesleiloes.com/leiloesonline/jd-original-jikkyou-powerful-4%f0%9f%9a%a8-2600-seguidos-de-700%f0%9f%98%b2/,2025-10-05T21:01:00-03:00,4d 10h 10m 41s,2025-10-01 11:00:59
"JD/ORIGINAL TAMAGOTCHI WORLDğŸš¨, 27,00 SEGUIDOS DE 7,00ğŸ˜²",Sem lance,https://ifgamesleiloes.com/leiloesonline/jd-original-tamagotchi-world%f0%9f%9a%a8-2700-seguidos-de-700%f0%9f%98%b2/,2025-10-05T21:06:00-03:00,4d 10h 15m 41s,2025-10-01 11:00:59